{"DirectorySortOption":0,"DirectorySortDirection":0,"DirectoryGroupOption":0,"LayoutMode":1,"GridViewSize":100,"ColumnsViewModel":{"TagColumn":{"UserCollapsed":false,"Length":{"Value":0.0,"GridUnitType":1,"IsAbsolute":true,"IsAuto":false,"IsStar":false},"LengthIncludingGridSplitter":{"Value":0.0,"GridUnitType":1,"IsAbsolute":true,"IsAuto":false,"IsStar":false},"UserLength":{"Value":200.0,"GridUnitType":1,"IsAbsolute":true,"IsAuto":false,"IsStar":false},"UserLengthPixels":200.0},"NameColumn":{"UserCollapsed":false,"Length":{"Value":181.31067961165047,"GridUnitType":1,"IsAbsolute":true,"IsAuto":false,"IsStar":false},"LengthIncludingGridSplitter":{"Value":182.31067961165047,"GridUnitType":1,"IsAbsolute":true,"IsAuto":false,"IsStar":false},"UserLength":{"Value":181.31067961165047,"GridUnitType":1,"IsAbsolute":true,"IsAuto":false,"IsStar":false},"UserLengthPixels":181.31067961165047},"StatusColumn":{"UserCollapsed":false,"Length":{"Value":0.0,"GridUnitType":1,"IsAbsolute":true,"IsAuto":false,"IsStar":false},"LengthIncludingGridSplitter":{"Value":0.0,"GridUnitType":1,"IsAbsolute":true,"IsAuto":false,"IsStar":false},"UserLength":{"Value":50.0,"GridUnitType":1,"IsAbsolute":true,"IsAuto":false,"IsStar":false},"UserLengthPixels":50.0},"DateModifiedColumn":{"UserCollapsed":false,"Length":{"Value":181.31067961165047,"GridUnitType":1,"IsAbsolute":true,"IsAuto":false,"IsStar":false},"LengthIncludingGridSplitter":{"Value":182.31067961165047,"GridUnitType":1,"IsAbsolute":true,"IsAuto":false,"IsStar":false},"UserLength":{"Value":181.31067961165047,"GridUnitType":1,"IsAbsolute":true,"IsAuto":false,"IsStar":false},"UserLengthPixels":181.31067961165047},"OriginalPathColumn":{"UserCollapsed":false,"Length":{"Value":0.0,"GridUnitType":1,"IsAbsolute":true,"IsAuto":false,"IsStar":false},"LengthIncludingGridSplitter":{"Value":0.0,"GridUnitType":1,"IsAbsolute":true,"IsAuto":false,"IsStar":false},"UserLength":{"Value":200.0,"GridUnitType":1,"IsAbsolute":true,"IsAuto":false,"IsStar":false},"UserLengthPixels":200.0},"ItemTypeColumn":{"UserCollapsed":false,"Length":{"Value":181.31067961165047,"GridUnitType":1,"IsAbsolute":true,"IsAuto":false,"IsStar":false},"LengthIncludingGridSplitter":{"Value":182.31067961165047,"GridUnitType":1,"IsAbsolute":true,"IsAuto":false,"IsStar":false},"UserLength":{"Value":181.31067961165047,"GridUnitType":1,"IsAbsolute":true,"IsAuto":false,"IsStar":false},"UserLengthPixels":181.31067961165047},"DateDeletedColumn":{"UserCollapsed":false,"Length":{"Value":0.0,"GridUnitType":1,"IsAbsolute":true,"IsAuto":false,"IsStar":false},"LengthIncludingGridSplitter":{"Value":0.0,"GridUnitType":1,"IsAbsolute":true,"IsAuto":false,"IsStar":false},"UserLength":{"Value":200.0,"GridUnitType":1,"IsAbsolute":true,"IsAuto":false,"IsStar":false},"UserLengthPixels":200.0},"DateCreatedColumn":{"UserCollapsed":true,"Length":{"Value":0.0,"GridUnitType":1,"IsAbsolute":true,"IsAuto":false,"IsStar":false},"LengthIncludingGridSplitter":{"Value":0.0,"GridUnitType":1,"IsAbsolute":true,"IsAuto":false,"IsStar":false},"UserLength":{"Value":200.0,"GridUnitType":1,"IsAbsolute":true,"IsAuto":false,"IsStar":false},"UserLengthPixels":200.0},"SizeColumn":{"UserCollapsed":false,"Length":{"Value":181.31067961165047,"GridUnitType":1,"IsAbsolute":true,"IsAuto":false,"IsStar":false},"LengthIncludingGridSplitter":{"Value":182.31067961165047,"GridUnitType":1,"IsAbsolute":true,"IsAuto":false,"IsStar":false},"UserLength":{"Value":181.31067961165047,"GridUnitType":1,"IsAbsolute":true,"IsAuto":false,"IsStar":false},"UserLengthPixels":181.31067961165047},"TotalWidth":749.24271844660188},"IsAdaptiveLayoutOverridden":false}